trial,block,odor,A,B,C,D,E,F,type,code,flow,total_odor_flow,carrier_out
1,1,A,1,0,0,0,0,0,100000,32,100,100,800
2,1,A,1,0,0,0,0,0,100000,32,100,100,800
3,1,A,1,0,0,0,0,0,100000,32,100,100,800
4,1,A,1,0,0,0,0,0,100000,32,100,100,800
5,1,A,1,0,0,0,0,0,100000,32,100,100,800
6,1,A,1,0,0,0,0,0,100000,32,100,100,800
7,1,B,0,1,0,0,0,0,010000,16,100,100,800
8,1,B,0,1,0,0,0,0,010000,16,100,100,800
9,1,B,0,1,0,0,0,0,010000,16,100,100,800
10,1,B,0,1,0,0,0,0,010000,16,100,100,800
11,1,B,0,1,0,0,0,0,010000,16,100,100,800
12,1,B,0,1,0,0,0,0,010000,16,100,100,800
13,1,C,0,0,1,0,0,0,001000,8,100,100,800
14,1,C,0,0,1,0,0,0,001000,8,100,100,800
15,1,C,0,0,1,0,0,0,001000,8,100,100,800
16,1,C,0,0,1,0,0,0,001000,8,100,100,800
17,1,C,0,0,1,0,0,0,001000,8,100,100,800
18,1,C,0,0,1,0,0,0,001000,8,100,100,800
19,1,D,0,0,0,1,0,0,000100,4,100,100,800
20,1,D,0,0,0,1,0,0,000100,4,100,100,800
21,1,D,0,0,0,1,0,0,000100,4,100,100,800
22,1,D,0,0,0,1,0,0,000100,4,100,100,800
23,1,D,0,0,0,1,0,0,000100,4,100,100,800
24,1,D,0,0,0,1,0,0,000100,4,100,100,800
25,1,E,0,0,0,0,1,0,000010,2,100,100,800
26,1,E,0,0,0,0,1,0,000010,2,100,100,800
27,1,E,0,0,0,0,1,0,000010,2,100,100,800
28,1,E,0,0,0,0,1,0,000010,2,100,100,800
29,1,E,0,0,0,0,1,0,000010,2,100,100,800
30,1,E,0,0,0,0,1,0,000010,2,100,100,800
31,1,F,0,0,0,0,0,1,000001,1,100,100,800
32,1,F,0,0,0,0,0,1,000001,1,100,100,800
33,1,F,0,0,0,0,0,1,000001,1,100,100,800
34,1,F,0,0,0,0,0,1,000001,1,100,100,800
35,1,F,0,0,0,0,0,1,000001,1,100,100,800
36,1,F,0,0,0,0,0,1,000001,1,100,100,800
37,2,A,1,0,0,0,0,0,100000,32,90,90,810
38,2,A,1,0,0,0,0,0,100000,32,90,90,810
39,2,A,1,0,0,0,0,0,100000,32,90,90,810
40,2,A,1,0,0,0,0,0,100000,32,90,90,810
41,2,A,1,0,0,0,0,0,100000,32,90,90,810
42,2,A,1,0,0,0,0,0,100000,32,90,90,810
43,2,B,0,1,0,0,0,0,010000,16,90,90,810
44,2,B,0,1,0,0,0,0,010000,16,90,90,810
45,2,B,0,1,0,0,0,0,010000,16,90,90,810
46,2,B,0,1,0,0,0,0,010000,16,90,90,810
47,2,B,0,1,0,0,0,0,010000,16,90,90,810
48,2,B,0,1,0,0,0,0,010000,16,90,90,810
49,2,C,0,0,1,0,0,0,001000,8,90,90,810
50,2,C,0,0,1,0,0,0,001000,8,90,90,810
51,2,C,0,0,1,0,0,0,001000,8,90,90,810
52,2,C,0,0,1,0,0,0,001000,8,90,90,810
53,2,C,0,0,1,0,0,0,001000,8,90,90,810
54,2,C,0,0,1,0,0,0,001000,8,90,90,810
55,2,D,0,0,0,1,0,0,000100,4,90,90,810
56,2,D,0,0,0,1,0,0,000100,4,90,90,810
57,2,D,0,0,0,1,0,0,000100,4,90,90,810
58,2,D,0,0,0,1,0,0,000100,4,90,90,810
59,2,D,0,0,0,1,0,0,000100,4,90,90,810
60,2,D,0,0,0,1,0,0,000100,4,90,90,810
61,2,E,0,0,0,0,1,0,000010,2,90,90,810
62,2,E,0,0,0,0,1,0,000010,2,90,90,810
63,2,E,0,0,0,0,1,0,000010,2,90,90,810
64,2,E,0,0,0,0,1,0,000010,2,90,90,810
65,2,E,0,0,0,0,1,0,000010,2,90,90,810
66,2,E,0,0,0,0,1,0,000010,2,90,90,810
67,2,F,0,0,0,0,0,1,000001,1,90,90,810
68,2,F,0,0,0,0,0,1,000001,1,90,90,810
69,2,F,0,0,0,0,0,1,000001,1,90,90,810
70,2,F,0,0,0,0,0,1,000001,1,90,90,810
71,2,F,0,0,0,0,0,1,000001,1,90,90,810
72,2,F,0,0,0,0,0,1,000001,1,90,90,810
73,3,A,1,0,0,0,0,0,100000,32,80,80,820
74,3,A,1,0,0,0,0,0,100000,32,80,80,820
75,3,A,1,0,0,0,0,0,100000,32,80,80,820
76,3,A,1,0,0,0,0,0,100000,32,80,80,820
77,3,A,1,0,0,0,0,0,100000,32,80,80,820
78,3,A,1,0,0,0,0,0,100000,32,80,80,820
79,3,B,0,1,0,0,0,0,010000,16,80,80,820
80,3,B,0,1,0,0,0,0,010000,16,80,80,820
81,3,B,0,1,0,0,0,0,010000,16,80,80,820
82,3,B,0,1,0,0,0,0,010000,16,80,80,820
83,3,B,0,1,0,0,0,0,010000,16,80,80,820
84,3,B,0,1,0,0,0,0,010000,16,80,80,820
85,3,C,0,0,1,0,0,0,001000,8,80,80,820
86,3,C,0,0,1,0,0,0,001000,8,80,80,820
87,3,C,0,0,1,0,0,0,001000,8,80,80,820
88,3,C,0,0,1,0,0,0,001000,8,80,80,820
89,3,C,0,0,1,0,0,0,001000,8,80,80,820
90,3,C,0,0,1,0,0,0,001000,8,80,80,820
91,3,D,0,0,0,1,0,0,000100,4,80,80,820
92,3,D,0,0,0,1,0,0,000100,4,80,80,820
93,3,D,0,0,0,1,0,0,000100,4,80,80,820
94,3,D,0,0,0,1,0,0,000100,4,80,80,820
95,3,D,0,0,0,1,0,0,000100,4,80,80,820
96,3,D,0,0,0,1,0,0,000100,4,80,80,820
97,3,E,0,0,0,0,1,0,000010,2,80,80,820
98,3,E,0,0,0,0,1,0,000010,2,80,80,820
99,3,E,0,0,0,0,1,0,000010,2,80,80,820
100,3,E,0,0,0,0,1,0,000010,2,80,80,820
101,3,E,0,0,0,0,1,0,000010,2,80,80,820
102,3,E,0,0,0,0,1,0,000010,2,80,80,820
103,3,F,0,0,0,0,0,1,000001,1,80,80,820
104,3,F,0,0,0,0,0,1,000001,1,80,80,820
105,3,F,0,0,0,0,0,1,000001,1,80,80,820
106,3,F,0,0,0,0,0,1,000001,1,80,80,820
107,3,F,0,0,0,0,0,1,000001,1,80,80,820
108,3,F,0,0,0,0,0,1,000001,1,80,80,820
109,4,A,1,0,0,0,0,0,100000,32,70,70,830
110,4,A,1,0,0,0,0,0,100000,32,70,70,830
111,4,A,1,0,0,0,0,0,100000,32,70,70,830
112,4,A,1,0,0,0,0,0,100000,32,70,70,830
113,4,A,1,0,0,0,0,0,100000,32,70,70,830
114,4,A,1,0,0,0,0,0,100000,32,70,70,830
115,4,B,0,1,0,0,0,0,010000,16,70,70,830
116,4,B,0,1,0,0,0,0,010000,16,70,70,830
117,4,B,0,1,0,0,0,0,010000,16,70,70,830
118,4,B,0,1,0,0,0,0,010000,16,70,70,830
119,4,B,0,1,0,0,0,0,010000,16,70,70,830
120,4,B,0,1,0,0,0,0,010000,16,70,70,830
121,4,C,0,0,1,0,0,0,001000,8,70,70,830
122,4,C,0,0,1,0,0,0,001000,8,70,70,830
123,4,C,0,0,1,0,0,0,001000,8,70,70,830
124,4,C,0,0,1,0,0,0,001000,8,70,70,830
125,4,C,0,0,1,0,0,0,001000,8,70,70,830
126,4,C,0,0,1,0,0,0,001000,8,70,70,830
127,4,D,0,0,0,1,0,0,000100,4,70,70,830
128,4,D,0,0,0,1,0,0,000100,4,70,70,830
129,4,D,0,0,0,1,0,0,000100,4,70,70,830
130,4,D,0,0,0,1,0,0,000100,4,70,70,830
131,4,D,0,0,0,1,0,0,000100,4,70,70,830
132,4,D,0,0,0,1,0,0,000100,4,70,70,830
133,4,E,0,0,0,0,1,0,000010,2,70,70,830
134,4,E,0,0,0,0,1,0,000010,2,70,70,830
135,4,E,0,0,0,0,1,0,000010,2,70,70,830
136,4,E,0,0,0,0,1,0,000010,2,70,70,830
137,4,E,0,0,0,0,1,0,000010,2,70,70,830
138,4,E,0,0,0,0,1,0,000010,2,70,70,830
139,4,F,0,0,0,0,0,1,000001,1,70,70,830
140,4,F,0,0,0,0,0,1,000001,1,70,70,830
141,4,F,0,0,0,0,0,1,000001,1,70,70,830
142,4,F,0,0,0,0,0,1,000001,1,70,70,830
143,4,F,0,0,0,0,0,1,000001,1,70,70,830
144,4,F,0,0,0,0,0,1,000001,1,70,70,830
145,5,A,1,0,0,0,0,0,100000,32,60,60,840
146,5,A,1,0,0,0,0,0,100000,32,60,60,840
147,5,A,1,0,0,0,0,0,100000,32,60,60,840
148,5,A,1,0,0,0,0,0,100000,32,60,60,840
149,5,A,1,0,0,0,0,0,100000,32,60,60,840
150,5,A,1,0,0,0,0,0,100000,32,60,60,840
151,5,B,0,1,0,0,0,0,010000,16,60,60,840
152,5,B,0,1,0,0,0,0,010000,16,60,60,840
153,5,B,0,1,0,0,0,0,010000,16,60,60,840
154,5,B,0,1,0,0,0,0,010000,16,60,60,840
155,5,B,0,1,0,0,0,0,010000,16,60,60,840
156,5,B,0,1,0,0,0,0,010000,16,60,60,840
157,5,C,0,0,1,0,0,0,001000,8,60,60,840
158,5,C,0,0,1,0,0,0,001000,8,60,60,840
159,5,C,0,0,1,0,0,0,001000,8,60,60,840
160,5,C,0,0,1,0,0,0,001000,8,60,60,840
161,5,C,0,0,1,0,0,0,001000,8,60,60,840
162,5,C,0,0,1,0,0,0,001000,8,60,60,840
163,5,D,0,0,0,1,0,0,000100,4,60,60,840
164,5,D,0,0,0,1,0,0,000100,4,60,60,840
165,5,D,0,0,0,1,0,0,000100,4,60,60,840
166,5,D,0,0,0,1,0,0,000100,4,60,60,840
167,5,D,0,0,0,1,0,0,000100,4,60,60,840
168,5,D,0,0,0,1,0,0,000100,4,60,60,840
169,5,E,0,0,0,0,1,0,000010,2,60,60,840
170,5,E,0,0,0,0,1,0,000010,2,60,60,840
171,5,E,0,0,0,0,1,0,000010,2,60,60,840
172,5,E,0,0,0,0,1,0,000010,2,60,60,840
173,5,E,0,0,0,0,1,0,000010,2,60,60,840
174,5,E,0,0,0,0,1,0,000010,2,60,60,840
175,5,F,0,0,0,0,0,1,000001,1,60,60,840
176,5,F,0,0,0,0,0,1,000001,1,60,60,840
177,5,F,0,0,0,0,0,1,000001,1,60,60,840
178,5,F,0,0,0,0,0,1,000001,1,60,60,840
179,5,F,0,0,0,0,0,1,000001,1,60,60,840
180,5,F,0,0,0,0,0,1,000001,1,60,60,840
181,6,A,1,0,0,0,0,0,100000,32,50,50,850
182,6,A,1,0,0,0,0,0,100000,32,50,50,850
183,6,A,1,0,0,0,0,0,100000,32,50,50,850
184,6,A,1,0,0,0,0,0,100000,32,50,50,850
185,6,A,1,0,0,0,0,0,100000,32,50,50,850
186,6,A,1,0,0,0,0,0,100000,32,50,50,850
187,6,B,0,1,0,0,0,0,010000,16,50,50,850
188,6,B,0,1,0,0,0,0,010000,16,50,50,850
189,6,B,0,1,0,0,0,0,010000,16,50,50,850
190,6,B,0,1,0,0,0,0,010000,16,50,50,850
191,6,B,0,1,0,0,0,0,010000,16,50,50,850
192,6,B,0,1,0,0,0,0,010000,16,50,50,850
193,6,C,0,0,1,0,0,0,001000,8,50,50,850
194,6,C,0,0,1,0,0,0,001000,8,50,50,850
195,6,C,0,0,1,0,0,0,001000,8,50,50,850
196,6,C,0,0,1,0,0,0,001000,8,50,50,850
197,6,C,0,0,1,0,0,0,001000,8,50,50,850
198,6,C,0,0,1,0,0,0,001000,8,50,50,850
199,6,D,0,0,0,1,0,0,000100,4,50,50,850
200,6,D,0,0,0,1,0,0,000100,4,50,50,850
201,6,D,0,0,0,1,0,0,000100,4,50,50,850
202,6,D,0,0,0,1,0,0,000100,4,50,50,850
203,6,D,0,0,0,1,0,0,000100,4,50,50,850
204,6,D,0,0,0,1,0,0,000100,4,50,50,850
205,6,E,0,0,0,0,1,0,000010,2,50,50,850
206,6,E,0,0,0,0,1,0,000010,2,50,50,850
207,6,E,0,0,0,0,1,0,000010,2,50,50,850
208,6,E,0,0,0,0,1,0,000010,2,50,50,850
209,6,E,0,0,0,0,1,0,000010,2,50,50,850
210,6,E,0,0,0,0,1,0,000010,2,50,50,850
211,6,F,0,0,0,0,0,1,000001,1,50,50,850
212,6,F,0,0,0,0,0,1,000001,1,50,50,850
213,6,F,0,0,0,0,0,1,000001,1,50,50,850
214,6,F,0,0,0,0,0,1,000001,1,50,50,850
215,6,F,0,0,0,0,0,1,000001,1,50,50,850
216,6,F,0,0,0,0,0,1,000001,1,50,50,850
217,7,A,1,0,0,0,0,0,100000,32,40,40,860
218,7,A,1,0,0,0,0,0,100000,32,40,40,860
219,7,A,1,0,0,0,0,0,100000,32,40,40,860
220,7,A,1,0,0,0,0,0,100000,32,40,40,860
221,7,A,1,0,0,0,0,0,100000,32,40,40,860
222,7,A,1,0,0,0,0,0,100000,32,40,40,860
223,7,B,0,1,0,0,0,0,010000,16,40,40,860
224,7,B,0,1,0,0,0,0,010000,16,40,40,860
225,7,B,0,1,0,0,0,0,010000,16,40,40,860
226,7,B,0,1,0,0,0,0,010000,16,40,40,860
227,7,B,0,1,0,0,0,0,010000,16,40,40,860
228,7,B,0,1,0,0,0,0,010000,16,40,40,860
229,7,C,0,0,1,0,0,0,001000,8,40,40,860
230,7,C,0,0,1,0,0,0,001000,8,40,40,860
231,7,C,0,0,1,0,0,0,001000,8,40,40,860
232,7,C,0,0,1,0,0,0,001000,8,40,40,860
233,7,C,0,0,1,0,0,0,001000,8,40,40,860
234,7,C,0,0,1,0,0,0,001000,8,40,40,860
235,7,D,0,0,0,1,0,0,000100,4,40,40,860
236,7,D,0,0,0,1,0,0,000100,4,40,40,860
237,7,D,0,0,0,1,0,0,000100,4,40,40,860
238,7,D,0,0,0,1,0,0,000100,4,40,40,860
239,7,D,0,0,0,1,0,0,000100,4,40,40,860
240,7,D,0,0,0,1,0,0,000100,4,40,40,860
241,7,E,0,0,0,0,1,0,000010,2,40,40,860
242,7,E,0,0,0,0,1,0,000010,2,40,40,860
243,7,E,0,0,0,0,1,0,000010,2,40,40,860
244,7,E,0,0,0,0,1,0,000010,2,40,40,860
245,7,E,0,0,0,0,1,0,000010,2,40,40,860
246,7,E,0,0,0,0,1,0,000010,2,40,40,860
247,7,F,0,0,0,0,0,1,000001,1,40,40,860
248,7,F,0,0,0,0,0,1,000001,1,40,40,860
249,7,F,0,0,0,0,0,1,000001,1,40,40,860
250,7,F,0,0,0,0,0,1,000001,1,40,40,860
251,7,F,0,0,0,0,0,1,000001,1,40,40,860
252,7,F,0,0,0,0,0,1,000001,1,40,40,860
253,8,A,1,0,0,0,0,0,100000,32,30,30,870
254,8,A,1,0,0,0,0,0,100000,32,30,30,870
255,8,A,1,0,0,0,0,0,100000,32,30,30,870
256,8,A,1,0,0,0,0,0,100000,32,30,30,870
257,8,A,1,0,0,0,0,0,100000,32,30,30,870
258,8,A,1,0,0,0,0,0,100000,32,30,30,870
259,8,B,0,1,0,0,0,0,010000,16,30,30,870
260,8,B,0,1,0,0,0,0,010000,16,30,30,870
261,8,B,0,1,0,0,0,0,010000,16,30,30,870
262,8,B,0,1,0,0,0,0,010000,16,30,30,870
263,8,B,0,1,0,0,0,0,010000,16,30,30,870
264,8,B,0,1,0,0,0,0,010000,16,30,30,870
265,8,C,0,0,1,0,0,0,001000,8,30,30,870
266,8,C,0,0,1,0,0,0,001000,8,30,30,870
267,8,C,0,0,1,0,0,0,001000,8,30,30,870
268,8,C,0,0,1,0,0,0,001000,8,30,30,870
269,8,C,0,0,1,0,0,0,001000,8,30,30,870
270,8,C,0,0,1,0,0,0,001000,8,30,30,870
271,8,D,0,0,0,1,0,0,000100,4,30,30,870
272,8,D,0,0,0,1,0,0,000100,4,30,30,870
273,8,D,0,0,0,1,0,0,000100,4,30,30,870
274,8,D,0,0,0,1,0,0,000100,4,30,30,870
275,8,D,0,0,0,1,0,0,000100,4,30,30,870
276,8,D,0,0,0,1,0,0,000100,4,30,30,870
277,8,E,0,0,0,0,1,0,000010,2,30,30,870
278,8,E,0,0,0,0,1,0,000010,2,30,30,870
279,8,E,0,0,0,0,1,0,000010,2,30,30,870
280,8,E,0,0,0,0,1,0,000010,2,30,30,870
281,8,E,0,0,0,0,1,0,000010,2,30,30,870
282,8,E,0,0,0,0,1,0,000010,2,30,30,870
283,8,F,0,0,0,0,0,1,000001,1,30,30,870
284,8,F,0,0,0,0,0,1,000001,1,30,30,870
285,8,F,0,0,0,0,0,1,000001,1,30,30,870
286,8,F,0,0,0,0,0,1,000001,1,30,30,870
287,8,F,0,0,0,0,0,1,000001,1,30,30,870
288,8,F,0,0,0,0,0,1,000001,1,30,30,870
289,9,A,1,0,0,0,0,0,100000,32,20,20,880
290,9,A,1,0,0,0,0,0,100000,32,20,20,880
291,9,A,1,0,0,0,0,0,100000,32,20,20,880
292,9,A,1,0,0,0,0,0,100000,32,20,20,880
293,9,A,1,0,0,0,0,0,100000,32,20,20,880
294,9,A,1,0,0,0,0,0,100000,32,20,20,880
295,9,B,0,1,0,0,0,0,010000,16,20,20,880
296,9,B,0,1,0,0,0,0,010000,16,20,20,880
297,9,B,0,1,0,0,0,0,010000,16,20,20,880
298,9,B,0,1,0,0,0,0,010000,16,20,20,880
299,9,B,0,1,0,0,0,0,010000,16,20,20,880
300,9,B,0,1,0,0,0,0,010000,16,20,20,880
301,9,C,0,0,1,0,0,0,001000,8,20,20,880
302,9,C,0,0,1,0,0,0,001000,8,20,20,880
303,9,C,0,0,1,0,0,0,001000,8,20,20,880
304,9,C,0,0,1,0,0,0,001000,8,20,20,880
305,9,C,0,0,1,0,0,0,001000,8,20,20,880
306,9,C,0,0,1,0,0,0,001000,8,20,20,880
307,9,D,0,0,0,1,0,0,000100,4,20,20,880
308,9,D,0,0,0,1,0,0,000100,4,20,20,880
309,9,D,0,0,0,1,0,0,000100,4,20,20,880
310,9,D,0,0,0,1,0,0,000100,4,20,20,880
311,9,D,0,0,0,1,0,0,000100,4,20,20,880
312,9,D,0,0,0,1,0,0,000100,4,20,20,880
313,9,E,0,0,0,0,1,0,000010,2,20,20,880
314,9,E,0,0,0,0,1,0,000010,2,20,20,880
315,9,E,0,0,0,0,1,0,000010,2,20,20,880
316,9,E,0,0,0,0,1,0,000010,2,20,20,880
317,9,E,0,0,0,0,1,0,000010,2,20,20,880
318,9,E,0,0,0,0,1,0,000010,2,20,20,880
319,9,F,0,0,0,0,0,1,000001,1,20,20,880
320,9,F,0,0,0,0,0,1,000001,1,20,20,880
321,9,F,0,0,0,0,0,1,000001,1,20,20,880
322,9,F,0,0,0,0,0,1,000001,1,20,20,880
323,9,F,0,0,0,0,0,1,000001,1,20,20,880
324,9,F,0,0,0,0,0,1,000001,1,20,20,880
325,10,A,1,0,0,0,0,0,100000,32,10,10,890
326,10,A,1,0,0,0,0,0,100000,32,10,10,890
327,10,A,1,0,0,0,0,0,100000,32,10,10,890
328,10,A,1,0,0,0,0,0,100000,32,10,10,890
329,10,A,1,0,0,0,0,0,100000,32,10,10,890
330,10,A,1,0,0,0,0,0,100000,32,10,10,890
331,10,B,0,1,0,0,0,0,010000,16,10,10,890
332,10,B,0,1,0,0,0,0,010000,16,10,10,890
333,10,B,0,1,0,0,0,0,010000,16,10,10,890
334,10,B,0,1,0,0,0,0,010000,16,10,10,890
335,10,B,0,1,0,0,0,0,010000,16,10,10,890
336,10,B,0,1,0,0,0,0,010000,16,10,10,890
337,10,C,0,0,1,0,0,0,001000,8,10,10,890
338,10,C,0,0,1,0,0,0,001000,8,10,10,890
339,10,C,0,0,1,0,0,0,001000,8,10,10,890
340,10,C,0,0,1,0,0,0,001000,8,10,10,890
341,10,C,0,0,1,0,0,0,001000,8,10,10,890
342,10,C,0,0,1,0,0,0,001000,8,10,10,890
343,10,D,0,0,0,1,0,0,000100,4,10,10,890
344,10,D,0,0,0,1,0,0,000100,4,10,10,890
345,10,D,0,0,0,1,0,0,000100,4,10,10,890
346,10,D,0,0,0,1,0,0,000100,4,10,10,890
347,10,D,0,0,0,1,0,0,000100,4,10,10,890
348,10,D,0,0,0,1,0,0,000100,4,10,10,890
349,10,E,0,0,0,0,1,0,000010,2,10,10,890
350,10,E,0,0,0,0,1,0,000010,2,10,10,890
351,10,E,0,0,0,0,1,0,000010,2,10,10,890
352,10,E,0,0,0,0,1,0,000010,2,10,10,890
353,10,E,0,0,0,0,1,0,000010,2,10,10,890
354,10,E,0,0,0,0,1,0,000010,2,10,10,890
355,10,F,0,0,0,0,0,1,000001,1,10,10,890
356,10,F,0,0,0,0,0,1,000001,1,10,10,890
357,10,F,0,0,0,0,0,1,000001,1,10,10,890
358,10,F,0,0,0,0,0,1,000001,1,10,10,890
359,10,F,0,0,0,0,0,1,000001,1,10,10,890
360,10,F,0,0,0,0,0,1,000001,1,10,10,890
