trial,block,A,B,C,D,E,F,type,code,odor_number,flow,total_odor_flow,carrier_out
1,1,0,1,1,0,0,1,011001,25,3,33.333333333333336,100,800
2,1,1,1,1,1,1,0,111110,62,5,20.0,100,800
3,1,0,0,0,0,0,1,000001,1,1,100.0,100,800
4,1,0,1,1,1,0,1,011101,29,4,25.0,100,800
5,1,1,1,0,0,0,0,110000,48,2,50.0,100,800
6,1,1,0,1,1,1,1,101111,47,5,20.0,100,800
7,1,1,1,0,1,1,1,110111,55,5,20.0,100,800
8,1,1,0,1,1,0,1,101101,45,4,25.0,100,800
9,1,0,0,0,1,0,1,000101,5,2,50.0,100,800
10,1,1,1,1,1,0,0,111100,60,4,25.0,100,800
11,1,0,0,1,1,1,1,001111,15,4,25.0,100,800
12,1,1,0,1,0,1,0,101010,42,3,33.333333333333336,100,800
13,1,1,1,1,0,0,1,111001,57,4,25.0,100,800
14,1,0,1,1,1,1,0,011110,30,4,25.0,100,800
15,1,1,0,0,1,1,1,100111,39,4,25.0,100,800
16,1,1,0,1,1,1,0,101110,46,4,25.0,100,800
17,1,1,0,1,1,0,0,101100,44,3,33.333333333333336,100,800
18,1,1,0,0,0,0,0,100000,32,1,100.0,100,800
19,1,0,1,1,0,0,0,011000,24,2,50.0,100,800
20,1,0,0,0,0,1,0,000010,2,1,100.0,100,800
21,1,0,0,1,0,0,1,001001,9,2,50.0,100,800
22,1,0,0,0,1,1,1,000111,7,3,33.333333333333336,100,800
23,1,0,0,0,1,0,0,000100,4,1,100.0,100,800
24,1,0,1,0,1,0,1,010101,21,3,33.333333333333336,100,800
25,1,0,1,1,0,1,1,011011,27,4,25.0,100,800
26,1,1,0,0,1,0,0,100100,36,2,50.0,100,800
27,1,0,1,0,0,1,0,010010,18,2,50.0,100,800
28,1,0,1,0,0,0,1,010001,17,2,50.0,100,800
29,1,1,0,0,0,1,1,100011,35,3,33.333333333333336,100,800
30,1,1,1,1,0,1,1,111011,59,5,20.0,100,800
31,1,1,1,1,0,1,0,111010,58,4,25.0,100,800
32,1,0,0,1,1,0,0,001100,12,2,50.0,100,800
33,1,0,0,0,0,1,1,000011,3,2,50.0,100,800
34,1,1,1,0,0,0,1,110001,49,3,33.333333333333336,100,800
35,1,1,0,1,0,1,1,101011,43,4,25.0,100,800
36,1,1,0,1,0,0,0,101000,40,2,50.0,100,800
37,1,1,0,0,1,0,1,100101,37,3,33.333333333333336,100,800
38,1,0,1,0,1,1,0,010110,22,3,33.333333333333336,100,800
39,1,0,0,1,1,1,0,001110,14,3,33.333333333333336,100,800
40,1,0,1,1,0,1,0,011010,26,3,33.333333333333336,100,800
41,1,0,0,1,0,0,0,001000,8,1,100.0,100,800
42,1,1,0,1,0,0,1,101001,41,3,33.333333333333336,100,800
43,1,0,0,0,0,0,0,000000,0,0,0.0,0,900
44,1,1,1,1,0,0,0,111000,56,3,33.333333333333336,100,800
45,1,1,1,1,1,1,1,111111,63,6,16.666666666666668,100,800
46,1,0,1,0,1,1,1,010111,23,4,25.0,100,800
47,1,0,0,1,1,0,1,001101,13,3,33.333333333333336,100,800
48,1,1,1,0,0,1,0,110010,50,3,33.333333333333336,100,800
49,1,0,1,0,0,0,0,010000,16,1,100.0,100,800
50,1,0,1,0,0,1,1,010011,19,3,33.333333333333336,100,800
51,1,0,1,1,1,1,1,011111,31,5,20.0,100,800
52,1,1,0,0,0,1,0,100010,34,2,50.0,100,800
53,1,0,1,1,1,0,0,011100,28,3,33.333333333333336,100,800
54,1,0,1,0,1,0,0,010100,20,2,50.0,100,800
55,1,0,0,1,0,1,1,001011,11,3,33.333333333333336,100,800
56,1,1,0,0,0,0,1,100001,33,2,50.0,100,800
57,1,1,1,0,1,0,1,110101,53,4,25.0,100,800
58,1,0,0,0,1,1,0,000110,6,2,50.0,100,800
59,1,1,1,0,1,1,0,110110,54,4,25.0,100,800
60,1,1,1,1,1,0,1,111101,61,5,20.0,100,800
61,1,1,0,0,1,1,0,100110,38,3,33.333333333333336,100,800
62,1,0,0,1,0,1,0,001010,10,2,50.0,100,800
63,1,1,1,0,0,1,1,110011,51,4,25.0,100,800
64,1,1,1,0,1,0,0,110100,52,3,33.333333333333336,100,800
65,2,1,0,1,1,1,1,101111,47,5,20.0,100,800
66,2,0,0,1,1,0,0,001100,12,2,50.0,100,800
67,2,0,0,0,0,0,1,000001,1,1,100.0,100,800
68,2,0,0,0,0,1,0,000010,2,1,100.0,100,800
69,2,0,1,1,1,1,0,011110,30,4,25.0,100,800
70,2,0,0,1,1,0,1,001101,13,3,33.333333333333336,100,800
71,2,1,0,0,1,0,1,100101,37,3,33.333333333333336,100,800
72,2,1,0,1,1,0,1,101101,45,4,25.0,100,800
73,2,0,1,1,1,0,0,011100,28,3,33.333333333333336,100,800
74,2,0,1,0,0,1,1,010011,19,3,33.333333333333336,100,800
75,2,1,0,1,0,0,1,101001,41,3,33.333333333333336,100,800
76,2,1,1,1,0,0,0,111000,56,3,33.333333333333336,100,800
77,2,0,1,0,1,1,1,010111,23,4,25.0,100,800
78,2,0,1,0,1,1,0,010110,22,3,33.333333333333336,100,800
79,2,1,0,0,0,0,0,100000,32,1,100.0,100,800
80,2,1,1,1,1,1,1,111111,63,6,16.666666666666668,100,800
81,2,1,1,0,1,1,1,110111,55,5,20.0,100,800
82,2,0,0,1,0,0,0,001000,8,1,100.0,100,800
83,2,1,1,0,0,0,1,110001,49,3,33.333333333333336,100,800
84,2,1,1,0,1,0,0,110100,52,3,33.333333333333336,100,800
85,2,0,0,0,0,1,1,000011,3,2,50.0,100,800
86,2,1,0,0,1,1,0,100110,38,3,33.333333333333336,100,800
87,2,1,1,0,1,1,0,110110,54,4,25.0,100,800
88,2,0,0,0,1,1,1,000111,7,3,33.333333333333336,100,800
89,2,0,1,0,1,0,0,010100,20,2,50.0,100,800
90,2,1,1,0,0,0,0,110000,48,2,50.0,100,800
91,2,1,1,1,1,1,0,111110,62,5,20.0,100,800
92,2,0,1,0,0,0,1,010001,17,2,50.0,100,800
93,2,1,0,1,0,1,1,101011,43,4,25.0,100,800
94,2,0,1,0,1,0,1,010101,21,3,33.333333333333336,100,800
95,2,1,0,0,0,0,1,100001,33,2,50.0,100,800
96,2,0,0,1,1,1,1,001111,15,4,25.0,100,800
97,2,0,1,1,0,1,1,011011,27,4,25.0,100,800
98,2,0,1,1,0,1,0,011010,26,3,33.333333333333336,100,800
99,2,0,0,0,1,1,0,000110,6,2,50.0,100,800
100,2,1,1,0,1,0,1,110101,53,4,25.0,100,800
101,2,0,1,0,0,0,0,010000,16,1,100.0,100,800
102,2,0,1,0,0,1,0,010010,18,2,50.0,100,800
103,2,0,1,1,0,0,0,011000,24,2,50.0,100,800
104,2,0,0,1,0,1,0,001010,10,2,50.0,100,800
105,2,1,1,1,0,1,1,111011,59,5,20.0,100,800
106,2,0,0,1,0,1,1,001011,11,3,33.333333333333336,100,800
107,2,1,0,0,0,1,0,100010,34,2,50.0,100,800
108,2,1,1,1,0,1,0,111010,58,4,25.0,100,800
109,2,0,0,0,1,0,0,000100,4,1,100.0,100,800
110,2,1,0,0,0,1,1,100011,35,3,33.333333333333336,100,800
111,2,0,1,1,0,0,1,011001,25,3,33.333333333333336,100,800
112,2,1,1,1,1,0,1,111101,61,5,20.0,100,800
113,2,0,0,0,1,0,1,000101,5,2,50.0,100,800
114,2,1,1,1,1,0,0,111100,60,4,25.0,100,800
115,2,0,0,1,0,0,1,001001,9,2,50.0,100,800
116,2,1,1,0,0,1,1,110011,51,4,25.0,100,800
117,2,0,0,1,1,1,0,001110,14,3,33.333333333333336,100,800
118,2,1,0,1,0,0,0,101000,40,2,50.0,100,800
119,2,0,1,1,1,1,1,011111,31,5,20.0,100,800
120,2,1,1,1,0,0,1,111001,57,4,25.0,100,800
121,2,1,0,1,0,1,0,101010,42,3,33.333333333333336,100,800
122,2,1,1,0,0,1,0,110010,50,3,33.333333333333336,100,800
123,2,0,0,0,0,0,0,000000,0,0,0.0,0,900
124,2,1,0,0,1,0,0,100100,36,2,50.0,100,800
125,2,1,0,0,1,1,1,100111,39,4,25.0,100,800
126,2,1,0,1,1,1,0,101110,46,4,25.0,100,800
127,2,1,0,1,1,0,0,101100,44,3,33.333333333333336,100,800
128,2,0,1,1,1,0,1,011101,29,4,25.0,100,800
129,3,1,1,0,1,0,0,110100,52,3,33.333333333333336,100,800
130,3,0,0,0,0,0,0,000000,0,0,0.0,0,900
131,3,1,1,1,0,0,0,111000,56,3,33.333333333333336,100,800
132,3,1,0,1,1,1,0,101110,46,4,25.0,100,800
133,3,0,0,1,1,1,1,001111,15,4,25.0,100,800
134,3,0,0,1,1,0,1,001101,13,3,33.333333333333336,100,800
135,3,0,1,0,1,0,1,010101,21,3,33.333333333333336,100,800
136,3,0,0,0,1,0,1,000101,5,2,50.0,100,800
137,3,1,0,1,0,1,1,101011,43,4,25.0,100,800
138,3,1,1,0,0,0,1,110001,49,3,33.333333333333336,100,800
139,3,0,1,0,0,1,0,010010,18,2,50.0,100,800
140,3,0,1,0,1,1,0,010110,22,3,33.333333333333336,100,800
141,3,0,1,0,1,0,0,010100,20,2,50.0,100,800
142,3,0,0,0,0,1,0,000010,2,1,100.0,100,800
143,3,0,0,1,0,1,0,001010,10,2,50.0,100,800
144,3,0,0,1,0,0,0,001000,8,1,100.0,100,800
145,3,1,0,0,0,1,0,100010,34,2,50.0,100,800
146,3,1,0,0,0,1,1,100011,35,3,33.333333333333336,100,800
147,3,0,1,0,0,0,0,010000,16,1,100.0,100,800
148,3,1,1,1,1,1,1,111111,63,6,16.666666666666668,100,800
149,3,1,0,0,1,0,0,100100,36,2,50.0,100,800
150,3,1,0,1,1,0,0,101100,44,3,33.333333333333336,100,800
151,3,0,1,1,0,1,0,011010,26,3,33.333333333333336,100,800
152,3,1,1,0,0,1,1,110011,51,4,25.0,100,800
153,3,1,1,0,1,1,1,110111,55,5,20.0,100,800
154,3,1,1,0,0,1,0,110010,50,3,33.333333333333336,100,800
155,3,1,1,1,1,0,1,111101,61,5,20.0,100,800
156,3,0,0,1,0,1,1,001011,11,3,33.333333333333336,100,800
157,3,1,1,1,0,0,1,111001,57,4,25.0,100,800
158,3,1,1,1,0,1,0,111010,58,4,25.0,100,800
159,3,0,1,1,0,0,0,011000,24,2,50.0,100,800
160,3,1,0,0,0,0,0,100000,32,1,100.0,100,800
161,3,1,1,1,0,1,1,111011,59,5,20.0,100,800
162,3,1,0,0,0,0,1,100001,33,2,50.0,100,800
163,3,1,1,0,1,1,0,110110,54,4,25.0,100,800
164,3,1,0,1,0,0,1,101001,41,3,33.333333333333336,100,800
165,3,1,0,1,1,0,1,101101,45,4,25.0,100,800
166,3,1,0,0,1,1,1,100111,39,4,25.0,100,800
167,3,0,1,1,0,1,1,011011,27,4,25.0,100,800
168,3,0,0,0,1,1,1,000111,7,3,33.333333333333336,100,800
169,3,0,1,1,0,0,1,011001,25,3,33.333333333333336,100,800
170,3,1,0,0,1,1,0,100110,38,3,33.333333333333336,100,800
171,3,0,0,0,0,1,1,000011,3,2,50.0,100,800
172,3,0,1,0,0,1,1,010011,19,3,33.333333333333336,100,800
173,3,1,0,1,1,1,1,101111,47,5,20.0,100,800
174,3,0,1,1,1,1,0,011110,30,4,25.0,100,800
175,3,0,1,1,1,0,1,011101,29,4,25.0,100,800
176,3,0,0,1,1,0,0,001100,12,2,50.0,100,800
177,3,0,0,1,1,1,0,001110,14,3,33.333333333333336,100,800
178,3,0,1,1,1,0,0,011100,28,3,33.333333333333336,100,800
179,3,1,0,0,1,0,1,100101,37,3,33.333333333333336,100,800
180,3,1,1,0,0,0,0,110000,48,2,50.0,100,800
181,3,0,0,1,0,0,1,001001,9,2,50.0,100,800
182,3,0,0,0,1,1,0,000110,6,2,50.0,100,800
183,3,1,1,1,1,0,0,111100,60,4,25.0,100,800
184,3,1,0,1,0,0,0,101000,40,2,50.0,100,800
185,3,0,1,0,0,0,1,010001,17,2,50.0,100,800
186,3,0,0,0,1,0,0,000100,4,1,100.0,100,800
187,3,0,1,1,1,1,1,011111,31,5,20.0,100,800
188,3,1,0,1,0,1,0,101010,42,3,33.333333333333336,100,800
189,3,0,1,0,1,1,1,010111,23,4,25.0,100,800
190,3,1,1,0,1,0,1,110101,53,4,25.0,100,800
191,3,0,0,0,0,0,1,000001,1,1,100.0,100,800
192,3,1,1,1,1,1,0,111110,62,5,20.0,100,800
193,4,1,1,1,0,1,0,111010,58,4,25.0,100,800
194,4,0,0,1,1,1,1,001111,15,4,25.0,100,800
195,4,0,1,1,0,1,1,011011,27,4,25.0,100,800
196,4,1,1,0,1,1,1,110111,55,5,20.0,100,800
197,4,0,0,0,1,0,0,000100,4,1,100.0,100,800
198,4,1,1,0,0,1,1,110011,51,4,25.0,100,800
199,4,1,0,0,1,0,1,100101,37,3,33.333333333333336,100,800
200,4,0,0,1,1,1,0,001110,14,3,33.333333333333336,100,800
201,4,1,0,1,1,0,1,101101,45,4,25.0,100,800
202,4,0,1,0,1,1,1,010111,23,4,25.0,100,800
203,4,1,1,1,0,0,0,111000,56,3,33.333333333333336,100,800
204,4,1,0,0,0,0,1,100001,33,2,50.0,100,800
205,4,0,1,0,1,0,0,010100,20,2,50.0,100,800
206,4,0,0,0,1,1,0,000110,6,2,50.0,100,800
207,4,1,0,1,1,1,0,101110,46,4,25.0,100,800
208,4,0,0,1,0,0,1,001001,9,2,50.0,100,800
209,4,1,1,0,0,0,0,110000,48,2,50.0,100,800
210,4,0,0,1,1,0,1,001101,13,3,33.333333333333336,100,800
211,4,1,0,1,0,0,1,101001,41,3,33.333333333333336,100,800
212,4,1,1,0,0,1,0,110010,50,3,33.333333333333336,100,800
213,4,0,0,0,0,1,0,000010,2,1,100.0,100,800
214,4,1,1,0,0,0,1,110001,49,3,33.333333333333336,100,800
215,4,0,0,0,1,1,1,000111,7,3,33.333333333333336,100,800
216,4,1,1,1,1,0,0,111100,60,4,25.0,100,800
217,4,1,0,0,1,1,1,100111,39,4,25.0,100,800
218,4,0,0,0,1,0,1,000101,5,2,50.0,100,800
219,4,1,1,1,1,1,1,111111,63,6,16.666666666666668,100,800
220,4,0,0,1,0,1,1,001011,11,3,33.333333333333336,100,800
221,4,1,0,1,0,0,0,101000,40,2,50.0,100,800
222,4,0,1,1,0,0,0,011000,24,2,50.0,100,800
223,4,0,1,1,0,1,0,011010,26,3,33.333333333333336,100,800
224,4,1,1,1,0,1,1,111011,59,5,20.0,100,800
225,4,0,0,0,0,0,1,000001,1,1,100.0,100,800
226,4,0,1,0,0,0,0,010000,16,1,100.0,100,800
227,4,0,1,0,0,1,1,010011,19,3,33.333333333333336,100,800
228,4,1,0,0,0,0,0,100000,32,1,100.0,100,800
229,4,1,1,0,1,0,0,110100,52,3,33.333333333333336,100,800
230,4,0,1,0,0,1,0,010010,18,2,50.0,100,800
231,4,1,1,1,0,0,1,111001,57,4,25.0,100,800
232,4,0,1,0,0,0,1,010001,17,2,50.0,100,800
233,4,0,1,1,1,1,0,011110,30,4,25.0,100,800
234,4,0,0,1,0,0,0,001000,8,1,100.0,100,800
235,4,0,1,1,1,0,1,011101,29,4,25.0,100,800
236,4,1,1,0,1,1,0,110110,54,4,25.0,100,800
237,4,1,0,0,1,1,0,100110,38,3,33.333333333333336,100,800
238,4,1,0,1,0,1,0,101010,42,3,33.333333333333336,100,800
239,4,1,0,0,0,1,1,100011,35,3,33.333333333333336,100,800
240,4,0,0,1,1,0,0,001100,12,2,50.0,100,800
241,4,1,1,1,1,0,1,111101,61,5,20.0,100,800
242,4,1,1,0,1,0,1,110101,53,4,25.0,100,800
243,4,1,0,0,1,0,0,100100,36,2,50.0,100,800
244,4,1,0,1,1,1,1,101111,47,5,20.0,100,800
245,4,1,0,1,1,0,0,101100,44,3,33.333333333333336,100,800
246,4,0,0,1,0,1,0,001010,10,2,50.0,100,800
247,4,0,1,1,0,0,1,011001,25,3,33.333333333333336,100,800
248,4,0,1,1,1,1,1,011111,31,5,20.0,100,800
249,4,0,0,0,0,0,0,000000,0,0,0.0,0,900
250,4,0,1,0,1,0,1,010101,21,3,33.333333333333336,100,800
251,4,0,0,0,0,1,1,000011,3,2,50.0,100,800
252,4,0,1,0,1,1,0,010110,22,3,33.333333333333336,100,800
253,4,1,1,1,1,1,0,111110,62,5,20.0,100,800
254,4,1,0,0,0,1,0,100010,34,2,50.0,100,800
255,4,0,1,1,1,0,0,011100,28,3,33.333333333333336,100,800
256,4,1,0,1,0,1,1,101011,43,4,25.0,100,800
257,5,0,1,1,0,0,0,011000,24,2,50.0,100,800
258,5,0,1,1,0,1,1,011011,27,4,25.0,100,800
259,5,0,1,0,0,0,0,010000,16,1,100.0,100,800
260,5,1,1,0,1,1,1,110111,55,5,20.0,100,800
261,5,0,0,0,0,1,1,000011,3,2,50.0,100,800
262,5,1,1,1,1,0,1,111101,61,5,20.0,100,800
263,5,0,0,1,1,0,1,001101,13,3,33.333333333333336,100,800
264,5,1,1,0,0,1,1,110011,51,4,25.0,100,800
265,5,1,1,1,0,0,1,111001,57,4,25.0,100,800
266,5,1,0,1,0,1,1,101011,43,4,25.0,100,800
267,5,0,1,0,1,0,1,010101,21,3,33.333333333333336,100,800
268,5,1,1,1,1,0,0,111100,60,4,25.0,100,800
269,5,1,0,0,0,1,1,100011,35,3,33.333333333333336,100,800
270,5,1,0,0,1,1,1,100111,39,4,25.0,100,800
271,5,0,1,1,1,1,1,011111,31,5,20.0,100,800
272,5,0,1,0,0,1,1,010011,19,3,33.333333333333336,100,800
273,5,1,0,0,1,1,0,100110,38,3,33.333333333333336,100,800
274,5,0,1,1,1,1,0,011110,30,4,25.0,100,800
275,5,1,1,0,0,0,1,110001,49,3,33.333333333333336,100,800
276,5,0,1,0,0,1,0,010010,18,2,50.0,100,800
277,5,1,0,1,0,1,0,101010,42,3,33.333333333333336,100,800
278,5,0,1,1,1,0,1,011101,29,4,25.0,100,800
279,5,1,0,1,1,1,1,101111,47,5,20.0,100,800
280,5,0,1,0,1,0,0,010100,20,2,50.0,100,800
281,5,1,0,0,1,0,1,100101,37,3,33.333333333333336,100,800
282,5,0,0,1,1,0,0,001100,12,2,50.0,100,800
283,5,0,1,0,1,1,1,010111,23,4,25.0,100,800
284,5,0,1,1,0,0,1,011001,25,3,33.333333333333336,100,800
285,5,0,0,0,0,1,0,000010,2,1,100.0,100,800
286,5,0,0,1,0,0,0,001000,8,1,100.0,100,800
287,5,0,0,1,1,1,1,001111,15,4,25.0,100,800
288,5,0,1,0,1,1,0,010110,22,3,33.333333333333336,100,800
289,5,0,0,0,0,0,1,000001,1,1,100.0,100,800
290,5,1,1,1,0,1,0,111010,58,4,25.0,100,800
291,5,1,0,1,1,0,1,101101,45,4,25.0,100,800
292,5,1,0,0,1,0,0,100100,36,2,50.0,100,800
293,5,1,0,1,1,0,0,101100,44,3,33.333333333333336,100,800
294,5,1,1,1,1,1,1,111111,63,6,16.666666666666668,100,800
295,5,1,0,1,0,0,0,101000,40,2,50.0,100,800
296,5,1,1,1,0,1,1,111011,59,5,20.0,100,800
297,5,0,0,0,1,1,1,000111,7,3,33.333333333333336,100,800
298,5,1,1,0,0,1,0,110010,50,3,33.333333333333336,100,800
299,5,1,1,0,0,0,0,110000,48,2,50.0,100,800
300,5,0,1,0,0,0,1,010001,17,2,50.0,100,800
301,5,0,0,1,0,1,0,001010,10,2,50.0,100,800
302,5,1,0,0,0,0,0,100000,32,1,100.0,100,800
303,5,1,1,0,1,1,0,110110,54,4,25.0,100,800
304,5,0,0,1,1,1,0,001110,14,3,33.333333333333336,100,800
305,5,1,1,0,1,0,1,110101,53,4,25.0,100,800
306,5,1,0,1,1,1,0,101110,46,4,25.0,100,800
307,5,0,0,1,0,0,1,001001,9,2,50.0,100,800
308,5,0,0,0,1,0,0,000100,4,1,100.0,100,800
309,5,1,1,0,1,0,0,110100,52,3,33.333333333333336,100,800
310,5,0,1,1,1,0,0,011100,28,3,33.333333333333336,100,800
311,5,1,0,0,0,1,0,100010,34,2,50.0,100,800
312,5,0,0,1,0,1,1,001011,11,3,33.333333333333336,100,800
313,5,1,0,1,0,0,1,101001,41,3,33.333333333333336,100,800
314,5,1,1,1,0,0,0,111000,56,3,33.333333333333336,100,800
315,5,0,1,1,0,1,0,011010,26,3,33.333333333333336,100,800
316,5,0,0,0,0,0,0,000000,0,0,0.0,0,900
317,5,1,0,0,0,0,1,100001,33,2,50.0,100,800
318,5,0,0,0,1,0,1,000101,5,2,50.0,100,800
319,5,0,0,0,1,1,0,000110,6,2,50.0,100,800
320,5,1,1,1,1,1,0,111110,62,5,20.0,100,800
321,6,1,1,0,1,0,1,110101,53,4,25.0,100,800
322,6,0,1,1,1,1,1,011111,31,5,20.0,100,800
323,6,0,1,0,1,1,1,010111,23,4,25.0,100,800
324,6,0,0,0,0,1,0,000010,2,1,100.0,100,800
325,6,0,1,0,0,0,0,010000,16,1,100.0,100,800
326,6,1,1,1,0,1,1,111011,59,5,20.0,100,800
327,6,1,0,0,0,0,0,100000,32,1,100.0,100,800
328,6,1,0,0,1,0,1,100101,37,3,33.333333333333336,100,800
329,6,1,0,1,0,0,1,101001,41,3,33.333333333333336,100,800
330,6,0,0,0,1,0,0,000100,4,1,100.0,100,800
331,6,0,0,0,0,0,1,000001,1,1,100.0,100,800
332,6,0,1,1,1,0,1,011101,29,4,25.0,100,800
333,6,0,1,1,0,1,1,011011,27,4,25.0,100,800
334,6,1,0,1,1,0,0,101100,44,3,33.333333333333336,100,800
335,6,0,0,1,1,1,0,001110,14,3,33.333333333333336,100,800
336,6,1,0,0,0,0,1,100001,33,2,50.0,100,800
337,6,0,1,0,1,1,0,010110,22,3,33.333333333333336,100,800
338,6,0,1,1,0,0,1,011001,25,3,33.333333333333336,100,800
339,6,0,0,1,1,0,1,001101,13,3,33.333333333333336,100,800
340,6,0,1,1,1,1,0,011110,30,4,25.0,100,800
341,6,1,0,1,1,1,1,101111,47,5,20.0,100,800
342,6,0,0,1,1,1,1,001111,15,4,25.0,100,800
343,6,1,1,0,1,1,0,110110,54,4,25.0,100,800
344,6,0,0,0,1,0,1,000101,5,2,50.0,100,800
345,6,1,0,1,1,0,1,101101,45,4,25.0,100,800
346,6,1,1,0,1,1,1,110111,55,5,20.0,100,800
347,6,0,1,1,1,0,0,011100,28,3,33.333333333333336,100,800
348,6,1,0,1,0,0,0,101000,40,2,50.0,100,800
349,6,1,0,0,1,1,1,100111,39,4,25.0,100,800
350,6,0,0,1,0,0,0,001000,8,1,100.0,100,800
351,6,0,0,0,0,0,0,000000,0,0,0.0,0,900
352,6,1,0,1,0,1,0,101010,42,3,33.333333333333336,100,800
353,6,0,0,1,0,1,0,001010,10,2,50.0,100,800
354,6,1,0,0,1,1,0,100110,38,3,33.333333333333336,100,800
355,6,1,1,0,0,0,0,110000,48,2,50.0,100,800
356,6,1,0,0,0,1,1,100011,35,3,33.333333333333336,100,800
357,6,1,1,1,1,0,1,111101,61,5,20.0,100,800
358,6,0,1,0,1,0,1,010101,21,3,33.333333333333336,100,800
359,6,1,0,1,0,1,1,101011,43,4,25.0,100,800
360,6,0,0,1,0,1,1,001011,11,3,33.333333333333336,100,800
361,6,1,1,1,0,0,0,111000,56,3,33.333333333333336,100,800
362,6,0,1,0,0,1,0,010010,18,2,50.0,100,800
363,6,0,1,0,0,0,1,010001,17,2,50.0,100,800
364,6,1,1,0,0,1,0,110010,50,3,33.333333333333336,100,800
365,6,0,0,1,0,0,1,001001,9,2,50.0,100,800
366,6,1,1,1,1,0,0,111100,60,4,25.0,100,800
367,6,1,0,1,1,1,0,101110,46,4,25.0,100,800
368,6,1,0,0,0,1,0,100010,34,2,50.0,100,800
369,6,1,1,0,0,0,1,110001,49,3,33.333333333333336,100,800
370,6,1,1,0,0,1,1,110011,51,4,25.0,100,800
371,6,0,1,0,1,0,0,010100,20,2,50.0,100,800
372,6,0,0,0,1,1,1,000111,7,3,33.333333333333336,100,800
373,6,0,0,0,1,1,0,000110,6,2,50.0,100,800
374,6,0,1,1,0,1,0,011010,26,3,33.333333333333336,100,800
375,6,0,1,0,0,1,1,010011,19,3,33.333333333333336,100,800
376,6,1,1,0,1,0,0,110100,52,3,33.333333333333336,100,800
377,6,1,1,1,1,1,0,111110,62,5,20.0,100,800
378,6,1,0,0,1,0,0,100100,36,2,50.0,100,800
379,6,1,1,1,0,1,0,111010,58,4,25.0,100,800
380,6,1,1,1,0,0,1,111001,57,4,25.0,100,800
381,6,0,0,0,0,1,1,000011,3,2,50.0,100,800
382,6,1,1,1,1,1,1,111111,63,6,16.666666666666668,100,800
383,6,0,0,1,1,0,0,001100,12,2,50.0,100,800
384,6,0,1,1,0,0,0,011000,24,2,50.0,100,800
385,7,1,1,0,1,0,1,110101,53,4,25.0,100,800
386,7,0,0,0,1,0,0,000100,4,1,100.0,100,800
387,7,1,1,0,1,0,0,110100,52,3,33.333333333333336,100,800
388,7,0,0,1,1,1,0,001110,14,3,33.333333333333336,100,800
389,7,1,0,1,0,1,0,101010,42,3,33.333333333333336,100,800
390,7,0,1,0,1,0,0,010100,20,2,50.0,100,800
391,7,0,0,1,1,1,1,001111,15,4,25.0,100,800
392,7,0,0,1,0,0,1,001001,9,2,50.0,100,800
393,7,0,0,0,0,1,0,000010,2,1,100.0,100,800
394,7,1,1,1,0,1,0,111010,58,4,25.0,100,800
395,7,1,1,0,1,1,1,110111,55,5,20.0,100,800
396,7,0,0,0,0,0,0,000000,0,0,0.0,0,900
397,7,1,0,1,0,0,1,101001,41,3,33.333333333333336,100,800
398,7,1,1,1,1,1,1,111111,63,6,16.666666666666668,100,800
399,7,1,0,0,1,0,1,100101,37,3,33.333333333333336,100,800
400,7,0,0,0,1,1,1,000111,7,3,33.333333333333336,100,800
401,7,1,1,0,1,1,0,110110,54,4,25.0,100,800
402,7,1,0,0,1,0,0,100100,36,2,50.0,100,800
403,7,1,1,1,1,0,1,111101,61,5,20.0,100,800
404,7,0,1,1,0,1,1,011011,27,4,25.0,100,800
405,7,1,1,1,1,0,0,111100,60,4,25.0,100,800
406,7,1,0,1,0,0,0,101000,40,2,50.0,100,800
407,7,1,0,1,1,0,1,101101,45,4,25.0,100,800
408,7,1,1,0,0,0,1,110001,49,3,33.333333333333336,100,800
409,7,1,0,1,1,0,0,101100,44,3,33.333333333333336,100,800
410,7,0,0,0,1,0,1,000101,5,2,50.0,100,800
411,7,0,0,1,1,0,0,001100,12,2,50.0,100,800
412,7,0,1,1,1,0,0,011100,28,3,33.333333333333336,100,800
413,7,1,1,1,0,1,1,111011,59,5,20.0,100,800
414,7,0,1,0,1,0,1,010101,21,3,33.333333333333336,100,800
415,7,0,1,0,0,0,1,010001,17,2,50.0,100,800
416,7,0,0,0,0,0,1,000001,1,1,100.0,100,800
417,7,0,1,1,1,1,0,011110,30,4,25.0,100,800
418,7,1,1,0,0,0,0,110000,48,2,50.0,100,800
419,7,1,0,0,0,1,0,100010,34,2,50.0,100,800
420,7,0,1,1,1,1,1,011111,31,5,20.0,100,800
421,7,0,0,1,0,1,1,001011,11,3,33.333333333333336,100,800
422,7,0,1,0,0,0,0,010000,16,1,100.0,100,800
423,7,1,1,1,0,0,1,111001,57,4,25.0,100,800
424,7,1,0,0,0,0,1,100001,33,2,50.0,100,800
425,7,0,0,1,0,0,0,001000,8,1,100.0,100,800
426,7,0,0,1,1,0,1,001101,13,3,33.333333333333336,100,800
427,7,1,1,1,1,1,0,111110,62,5,20.0,100,800
428,7,1,0,0,0,1,1,100011,35,3,33.333333333333336,100,800
429,7,1,0,1,1,1,1,101111,47,5,20.0,100,800
430,7,0,1,0,0,1,0,010010,18,2,50.0,100,800
431,7,0,1,1,0,0,1,011001,25,3,33.333333333333336,100,800
432,7,0,1,0,1,1,1,010111,23,4,25.0,100,800
433,7,1,0,1,0,1,1,101011,43,4,25.0,100,800
434,7,0,0,1,0,1,0,001010,10,2,50.0,100,800
435,7,1,1,0,0,1,1,110011,51,4,25.0,100,800
436,7,0,0,0,0,1,1,000011,3,2,50.0,100,800
437,7,1,1,0,0,1,0,110010,50,3,33.333333333333336,100,800
438,7,0,1,1,1,0,1,011101,29,4,25.0,100,800
439,7,0,0,0,1,1,0,000110,6,2,50.0,100,800
440,7,0,1,1,0,0,0,011000,24,2,50.0,100,800
441,7,1,0,0,0,0,0,100000,32,1,100.0,100,800
442,7,0,1,0,0,1,1,010011,19,3,33.333333333333336,100,800
443,7,1,0,0,1,1,0,100110,38,3,33.333333333333336,100,800
444,7,1,1,1,0,0,0,111000,56,3,33.333333333333336,100,800
445,7,0,1,1,0,1,0,011010,26,3,33.333333333333336,100,800
446,7,1,0,1,1,1,0,101110,46,4,25.0,100,800
447,7,0,1,0,1,1,0,010110,22,3,33.333333333333336,100,800
448,7,1,0,0,1,1,1,100111,39,4,25.0,100,800
449,8,1,1,0,0,1,0,110010,50,3,33.333333333333336,100,800
450,8,0,0,0,0,0,0,000000,0,0,0.0,0,900
451,8,0,1,1,0,1,1,011011,27,4,25.0,100,800
452,8,1,1,1,1,0,1,111101,61,5,20.0,100,800
453,8,1,0,1,1,1,0,101110,46,4,25.0,100,800
454,8,1,0,1,0,1,0,101010,42,3,33.333333333333336,100,800
455,8,0,0,1,1,0,0,001100,12,2,50.0,100,800
456,8,1,0,1,1,0,0,101100,44,3,33.333333333333336,100,800
457,8,0,1,1,1,1,0,011110,30,4,25.0,100,800
458,8,1,1,0,0,1,1,110011,51,4,25.0,100,800
459,8,0,1,0,1,1,1,010111,23,4,25.0,100,800
460,8,0,0,1,0,1,0,001010,10,2,50.0,100,800
461,8,1,1,1,1,0,0,111100,60,4,25.0,100,800
462,8,1,0,1,0,1,1,101011,43,4,25.0,100,800
463,8,1,1,1,1,1,1,111111,63,6,16.666666666666668,100,800
464,8,0,0,0,1,1,1,000111,7,3,33.333333333333336,100,800
465,8,0,0,1,1,0,1,001101,13,3,33.333333333333336,100,800
466,8,1,0,1,1,0,1,101101,45,4,25.0,100,800
467,8,1,1,1,0,1,1,111011,59,5,20.0,100,800
468,8,1,0,0,0,1,0,100010,34,2,50.0,100,800
469,8,1,0,1,1,1,1,101111,47,5,20.0,100,800
470,8,0,0,0,1,1,0,000110,6,2,50.0,100,800
471,8,0,0,1,1,1,0,001110,14,3,33.333333333333336,100,800
472,8,0,0,0,0,1,1,000011,3,2,50.0,100,800
473,8,1,0,0,0,1,1,100011,35,3,33.333333333333336,100,800
474,8,1,1,0,1,0,1,110101,53,4,25.0,100,800
475,8,1,0,0,1,0,1,100101,37,3,33.333333333333336,100,800
476,8,0,0,1,0,1,1,001011,11,3,33.333333333333336,100,800
477,8,0,1,1,1,0,1,011101,29,4,25.0,100,800
478,8,0,1,0,0,0,1,010001,17,2,50.0,100,800
479,8,1,1,0,0,0,1,110001,49,3,33.333333333333336,100,800
480,8,0,1,1,0,0,1,011001,25,3,33.333333333333336,100,800
481,8,1,1,0,0,0,0,110000,48,2,50.0,100,800
482,8,1,0,0,1,1,1,100111,39,4,25.0,100,800
483,8,1,0,0,0,0,0,100000,32,1,100.0,100,800
484,8,1,1,0,1,0,0,110100,52,3,33.333333333333336,100,800
485,8,0,1,0,1,0,0,010100,20,2,50.0,100,800
486,8,0,1,1,1,1,1,011111,31,5,20.0,100,800
487,8,1,1,1,0,0,0,111000,56,3,33.333333333333336,100,800
488,8,0,1,0,0,1,1,010011,19,3,33.333333333333336,100,800
489,8,0,0,1,0,0,0,001000,8,1,100.0,100,800
490,8,0,0,0,1,0,1,000101,5,2,50.0,100,800
491,8,1,0,0,0,0,1,100001,33,2,50.0,100,800
492,8,1,0,1,0,0,1,101001,41,3,33.333333333333336,100,800
493,8,1,1,1,1,1,0,111110,62,5,20.0,100,800
494,8,0,0,1,1,1,1,001111,15,4,25.0,100,800
495,8,1,1,1,0,1,0,111010,58,4,25.0,100,800
496,8,1,0,0,1,0,0,100100,36,2,50.0,100,800
497,8,1,0,0,1,1,0,100110,38,3,33.333333333333336,100,800
498,8,0,0,1,0,0,1,001001,9,2,50.0,100,800
499,8,1,1,0,1,1,1,110111,55,5,20.0,100,800
500,8,1,1,1,0,0,1,111001,57,4,25.0,100,800
501,8,0,1,1,1,0,0,011100,28,3,33.333333333333336,100,800
502,8,1,1,0,1,1,0,110110,54,4,25.0,100,800
503,8,0,1,0,1,1,0,010110,22,3,33.333333333333336,100,800
504,8,0,0,0,0,0,1,000001,1,1,100.0,100,800
505,8,0,1,0,0,1,0,010010,18,2,50.0,100,800
506,8,0,1,0,1,0,1,010101,21,3,33.333333333333336,100,800
507,8,1,0,1,0,0,0,101000,40,2,50.0,100,800
508,8,0,0,0,1,0,0,000100,4,1,100.0,100,800
509,8,0,0,0,0,1,0,000010,2,1,100.0,100,800
510,8,0,1,1,0,0,0,011000,24,2,50.0,100,800
511,8,0,1,0,0,0,0,010000,16,1,100.0,100,800
512,8,0,1,1,0,1,0,011010,26,3,33.333333333333336,100,800
513,9,0,0,0,1,0,0,000100,4,1,100.0,100,800
514,9,1,0,0,1,0,0,100100,36,2,50.0,100,800
515,9,1,0,1,0,0,0,101000,40,2,50.0,100,800
516,9,0,0,1,1,1,1,001111,15,4,25.0,100,800
517,9,1,1,0,0,0,1,110001,49,3,33.333333333333336,100,800
518,9,0,0,1,0,0,1,001001,9,2,50.0,100,800
519,9,1,0,1,0,0,1,101001,41,3,33.333333333333336,100,800
520,9,1,0,1,1,0,1,101101,45,4,25.0,100,800
521,9,1,1,1,1,1,0,111110,62,5,20.0,100,800
522,9,0,1,1,0,0,1,011001,25,3,33.333333333333336,100,800
523,9,1,1,1,0,1,0,111010,58,4,25.0,100,800
524,9,0,0,1,0,1,0,001010,10,2,50.0,100,800
525,9,1,1,0,1,1,0,110110,54,4,25.0,100,800
526,9,1,0,0,1,1,0,100110,38,3,33.333333333333336,100,800
527,9,0,0,0,0,0,0,000000,0,0,0.0,0,900
528,9,1,1,0,1,0,0,110100,52,3,33.333333333333336,100,800
529,9,1,0,0,0,0,1,100001,33,2,50.0,100,800
530,9,1,1,0,0,0,0,110000,48,2,50.0,100,800
531,9,0,1,1,0,1,1,011011,27,4,25.0,100,800
532,9,1,1,0,0,1,1,110011,51,4,25.0,100,800
533,9,0,0,0,1,0,1,000101,5,2,50.0,100,800
534,9,1,1,1,1,0,0,111100,60,4,25.0,100,800
535,9,1,0,0,1,0,1,100101,37,3,33.333333333333336,100,800
536,9,1,0,0,1,1,1,100111,39,4,25.0,100,800
537,9,1,0,1,0,1,1,101011,43,4,25.0,100,800
538,9,0,0,1,0,0,0,001000,8,1,100.0,100,800
539,9,1,1,1,1,1,1,111111,63,6,16.666666666666668,100,800
540,9,1,0,0,0,1,0,100010,34,2,50.0,100,800
541,9,0,0,0,0,1,0,000010,2,1,100.0,100,800
542,9,0,1,0,1,0,1,010101,21,3,33.333333333333336,100,800
543,9,1,1,1,1,0,1,111101,61,5,20.0,100,800
544,9,0,1,0,0,1,1,010011,19,3,33.333333333333336,100,800
545,9,1,1,1,0,0,0,111000,56,3,33.333333333333336,100,800
546,9,0,0,0,1,1,1,000111,7,3,33.333333333333336,100,800
547,9,0,1,0,0,1,0,010010,18,2,50.0,100,800
548,9,1,0,0,0,1,1,100011,35,3,33.333333333333336,100,800
549,9,1,1,0,0,1,0,110010,50,3,33.333333333333336,100,800
550,9,0,0,1,0,1,1,001011,11,3,33.333333333333336,100,800
551,9,0,1,1,1,1,0,011110,30,4,25.0,100,800
552,9,0,0,0,0,1,1,000011,3,2,50.0,100,800
553,9,0,1,1,0,0,0,011000,24,2,50.0,100,800
554,9,1,0,0,0,0,0,100000,32,1,100.0,100,800
555,9,0,1,0,1,1,0,010110,22,3,33.333333333333336,100,800
556,9,0,0,0,1,1,0,000110,6,2,50.0,100,800
557,9,0,1,0,1,1,1,010111,23,4,25.0,100,800
558,9,1,1,1,0,1,1,111011,59,5,20.0,100,800
559,9,1,0,1,1,1,1,101111,47,5,20.0,100,800
560,9,0,1,0,1,0,0,010100,20,2,50.0,100,800
561,9,1,1,0,1,1,1,110111,55,5,20.0,100,800
562,9,0,0,0,0,0,1,000001,1,1,100.0,100,800
563,9,0,1,0,0,0,0,010000,16,1,100.0,100,800
564,9,1,1,1,0,0,1,111001,57,4,25.0,100,800
565,9,0,1,0,0,0,1,010001,17,2,50.0,100,800
566,9,1,0,1,1,0,0,101100,44,3,33.333333333333336,100,800
567,9,0,1,1,1,1,1,011111,31,5,20.0,100,800
568,9,0,1,1,1,0,1,011101,29,4,25.0,100,800
569,9,1,0,1,1,1,0,101110,46,4,25.0,100,800
570,9,0,1,1,1,0,0,011100,28,3,33.333333333333336,100,800
571,9,0,0,1,1,0,0,001100,12,2,50.0,100,800
572,9,0,0,1,1,1,0,001110,14,3,33.333333333333336,100,800
573,9,1,1,0,1,0,1,110101,53,4,25.0,100,800
574,9,1,0,1,0,1,0,101010,42,3,33.333333333333336,100,800
575,9,0,1,1,0,1,0,011010,26,3,33.333333333333336,100,800
576,9,0,0,1,1,0,1,001101,13,3,33.333333333333336,100,800
577,10,1,0,1,0,1,0,101010,42,3,33.333333333333336,100,800
578,10,1,0,0,1,1,1,100111,39,4,25.0,100,800
579,10,0,0,1,1,0,0,001100,12,2,50.0,100,800
580,10,1,0,0,0,1,1,100011,35,3,33.333333333333336,100,800
581,10,0,1,0,0,1,0,010010,18,2,50.0,100,800
582,10,1,1,0,1,0,1,110101,53,4,25.0,100,800
583,10,1,1,1,1,0,1,111101,61,5,20.0,100,800
584,10,0,0,0,0,0,0,000000,0,0,0.0,0,900
585,10,1,1,0,1,1,0,110110,54,4,25.0,100,800
586,10,0,1,1,1,1,0,011110,30,4,25.0,100,800
587,10,1,1,1,1,1,1,111111,63,6,16.666666666666668,100,800
588,10,1,0,1,1,0,1,101101,45,4,25.0,100,800
589,10,1,1,0,1,0,0,110100,52,3,33.333333333333336,100,800
590,10,0,1,1,0,1,0,011010,26,3,33.333333333333336,100,800
591,10,0,0,1,0,0,0,001000,8,1,100.0,100,800
592,10,1,0,0,1,0,1,100101,37,3,33.333333333333336,100,800
593,10,0,1,0,0,0,0,010000,16,1,100.0,100,800
594,10,0,1,1,1,0,1,011101,29,4,25.0,100,800
595,10,0,1,1,1,1,1,011111,31,5,20.0,100,800
596,10,0,1,0,1,0,0,010100,20,2,50.0,100,800
597,10,0,0,0,1,1,0,000110,6,2,50.0,100,800
598,10,0,1,1,0,0,0,011000,24,2,50.0,100,800
599,10,0,0,1,0,0,1,001001,9,2,50.0,100,800
600,10,0,1,0,1,1,0,010110,22,3,33.333333333333336,100,800
601,10,0,0,0,1,0,1,000101,5,2,50.0,100,800
602,10,0,0,1,0,1,1,001011,11,3,33.333333333333336,100,800
603,10,0,0,1,1,0,1,001101,13,3,33.333333333333336,100,800
604,10,1,0,1,1,1,1,101111,47,5,20.0,100,800
605,10,1,1,0,0,1,0,110010,50,3,33.333333333333336,100,800
606,10,1,0,0,1,0,0,100100,36,2,50.0,100,800
607,10,0,1,0,0,1,1,010011,19,3,33.333333333333336,100,800
608,10,1,0,1,0,1,1,101011,43,4,25.0,100,800
609,10,1,0,0,1,1,0,100110,38,3,33.333333333333336,100,800
610,10,1,0,0,0,1,0,100010,34,2,50.0,100,800
611,10,1,1,1,1,1,0,111110,62,5,20.0,100,800
612,10,1,0,0,0,0,0,100000,32,1,100.0,100,800
613,10,0,1,0,0,0,1,010001,17,2,50.0,100,800
614,10,0,0,1,1,1,1,001111,15,4,25.0,100,800
615,10,1,1,0,1,1,1,110111,55,5,20.0,100,800
616,10,1,0,1,1,0,0,101100,44,3,33.333333333333336,100,800
617,10,1,0,1,0,0,1,101001,41,3,33.333333333333336,100,800
618,10,0,0,0,0,1,1,000011,3,2,50.0,100,800
619,10,0,0,0,0,1,0,000010,2,1,100.0,100,800
620,10,0,1,0,1,0,1,010101,21,3,33.333333333333336,100,800
621,10,1,1,0,0,0,0,110000,48,2,50.0,100,800
622,10,1,1,1,1,0,0,111100,60,4,25.0,100,800
623,10,1,0,0,0,0,1,100001,33,2,50.0,100,800
624,10,1,1,0,0,1,1,110011,51,4,25.0,100,800
625,10,1,1,0,0,0,1,110001,49,3,33.333333333333336,100,800
626,10,0,1,0,1,1,1,010111,23,4,25.0,100,800
627,10,0,1,1,0,1,1,011011,27,4,25.0,100,800
628,10,0,1,1,0,0,1,011001,25,3,33.333333333333336,100,800
629,10,1,1,1,0,0,1,111001,57,4,25.0,100,800
630,10,1,1,1,0,1,0,111010,58,4,25.0,100,800
631,10,0,0,0,1,0,0,000100,4,1,100.0,100,800
632,10,1,1,1,0,1,1,111011,59,5,20.0,100,800
633,10,0,0,1,1,1,0,001110,14,3,33.333333333333336,100,800
634,10,1,1,1,0,0,0,111000,56,3,33.333333333333336,100,800
635,10,0,1,1,1,0,0,011100,28,3,33.333333333333336,100,800
636,10,0,0,0,0,0,1,000001,1,1,100.0,100,800
637,10,1,0,1,0,0,0,101000,40,2,50.0,100,800
638,10,0,0,1,0,1,0,001010,10,2,50.0,100,800
639,10,0,0,0,1,1,1,000111,7,3,33.333333333333336,100,800
640,10,1,0,1,1,1,0,101110,46,4,25.0,100,800
